a1,a2
jonice oliveira,fabricio faria
jonice oliveira,ruben perorazio
jonice oliveira,evelyn aquino
fabricio faria,ruben perorazio
fabricio faria,evelyn aquino
ruben perorazio,evelyn aquino
victor stroele,geraldo zimbrao
victor stroele,jano souza
geraldo zimbrao,jano souza
paula nascimento,rodrigo aguas
paula nascimento,debora lima
paula nascimento,xiao kong
paula nascimento,bruno osiek
paula nascimento,geraldo xexeo
paula nascimento,jano souza
rodrigo aguas,debora lima
rodrigo aguas,xiao kong
rodrigo aguas,bruno osiek
rodrigo aguas,geraldo xexeo
rodrigo aguas,jano souza
debora lima,xiao kong
debora lima,bruno osiek
debora lima,geraldo xexeo
debora lima,jano souza
xiao kong,bruno osiek
xiao kong,geraldo xexeo
xiao kong,jano souza
bruno osiek,geraldo xexeo
bruno osiek,jano souza
geraldo xexeo,jano souza
esteban tuesta,karina delgado
esteban tuesta,luciano digiampietri
esteban tuesta,jose alcazar
esteban tuesta,rogerio mugnaini
esteban tuesta,jesus mena-chalco
karina delgado,luciano digiampietri
karina delgado,jose alcazar
karina delgado,rogerio mugnaini
karina delgado,jesus mena-chalco
luciano digiampietri,jose alcazar
luciano digiampietri,rogerio mugnaini
luciano digiampietri,jesus mena-chalco
jose alcazar,rogerio mugnaini
jose alcazar,jesus mena-chalco
rogerio mugnaini,jesus mena-chalco
wladston viana,mirella moro
pedro guerra,wagner junior
jesus mena-chalco,luciano digiampietri
jesus mena-chalco,roberto cesar-junior
luciano digiampietri,roberto cesar-junior
vinicius machado,bruno lima
vinicius machado,sanches araujo
bruno lima,sanches araujo
herico valiati,arlei silva
herico valiati,sara guimaraes
herico valiati,wagner junior
arlei silva,sara guimaraes
arlei silva,wagner junior
sara guimaraes,wagner junior
luciano digiampietri,jesus mena-chalco
luciano digiampietri,gabriela silva
luciano digiampietri,leonardo oliveira
luciano digiampietri,ana malheiros
luciano digiampietri,dania meira
jesus mena-chalco,gabriela silva
jesus mena-chalco,leonardo oliveira
jesus mena-chalco,ana malheiros
jesus mena-chalco,dania meira
gabriela silva,leonardo oliveira
gabriela silva,ana malheiros
gabriela silva,dania meira
leonardo oliveira,ana malheiros
leonardo oliveira,dania meira
ana malheiros,dania meira
luciano digiampietri,jesus mena-chalco
luciano digiampietri,jose perez-alcazar
luciano digiampietri,esteban tuesta
luciano digiampietri,karina delgado
luciano digiampietri,rogerio mugnaini
luciano digiampietri,gabriela silva
jesus mena-chalco,jose perez-alcazar
jesus mena-chalco,esteban tuesta
jesus mena-chalco,karina delgado
jesus mena-chalco,rogerio mugnaini
jesus mena-chalco,gabriela silva
jose perez-alcazar,esteban tuesta
jose perez-alcazar,karina delgado
jose perez-alcazar,rogerio mugnaini
jose perez-alcazar,gabriela silva
esteban tuesta,karina delgado
esteban tuesta,rogerio mugnaini
esteban tuesta,gabriela silva
karina delgado,rogerio mugnaini
karina delgado,gabriela silva
rogerio mugnaini,gabriela silva
kate revoredo,renata araujo
kate revoredo,brunno silveira
kate revoredo,thiago muramatsu
renata araujo,brunno silveira
renata araujo,thiago muramatsu
brunno silveira,thiago muramatsu
roberto oliveira,jefferson araujo
roberto oliveira,francisco medeiros
roberto oliveira,alisson brito
jefferson araujo,francisco medeiros
jefferson araujo,alisson brito
francisco medeiros,alisson brito
pollyanna goncalves,wellington dores
pollyanna goncalves,fabricio benevenuto
wellington dores,fabricio benevenuto
johnnatan messias,lucas schmidt
johnnatan messias,ricardo oliveira
johnnatan messias,fabricio benevenuto
lucas schmidt,ricardo oliveira
lucas schmidt,fabricio benevenuto
ricardo oliveira,fabricio benevenuto
priscila rohem-santos,claudia chamas
priscila rohem-santos,carlos morel
claudia chamas,carlos morel
rafael tavares,mariano pimentel
rafael tavares,renata araujo
mariano pimentel,renata araujo
marcos rosa,inacio fadigas
marcos rosa,maria andrade
marcos rosa,hernane pereira
inacio fadigas,maria andrade
inacio fadigas,hernane pereira
maria andrade,hernane pereira
ariana silva,margarethe steinberger-elias
ana casnati,claudia lopes
ana casnati,ana rodrigues
ana casnati,dante galeffi
ana casnati,hernane pereira
claudia lopes,ana rodrigues
claudia lopes,dante galeffi
claudia lopes,hernane pereira
ana rodrigues,dante galeffi
ana rodrigues,hernane pereira
dante galeffi,hernane pereira
aline rodrigues,rogerio serpa
aline rodrigues,jonice oliveira
aline rodrigues,juliana valerio
rogerio serpa,jonice oliveira
rogerio serpa,juliana valerio
jonice oliveira,juliana valerio
ruben perorazio,fabricio faria
ruben perorazio,rafael monclar
ruben perorazio,jonice oliveira
ruben perorazio,jano souza
fabricio faria,rafael monclar
fabricio faria,jonice oliveira
fabricio faria,jano souza
rafael monclar,jonice oliveira
rafael monclar,jano souza
jonice oliveira,jano souza
sandra silva,geraldo xexeo
sandra silva,moacir junior
geraldo xexeo,moacir junior
ana rodrigues,claudia lopes
ana rodrigues,eliane souza
ana rodrigues,inacio fadigas
ana rodrigues,hernane pereira
claudia lopes,eliane souza
claudia lopes,inacio fadigas
claudia lopes,hernane pereira
eliane souza,inacio fadigas
eliane souza,hernane pereira
inacio fadigas,hernane pereira
samantha vrabl,jonice oliveira
samantha vrabl,claudia motta
jonice oliveira,claudia motta
ariana silva,margarethe steinberger-elias
fernanda santos,jonice oliveira
li weigang,deborah mendes
li weigang,zheng jianya
deborah mendes,zheng jianya
luan oliveira,guilherme campos
luan oliveira,rodrigo silva
guilherme campos,rodrigo silva
carla delgado,diego castro
fernanda santos,jonice oliveira
bianca lima,maria campos
alejandro paredes,flavia arrigoni
alejandro paredes,mariela rodriguez
flavia arrigoni,mariela rodriguez
andre albuquerque,daniel antunes
andre albuquerque,luan garrido
andre albuquerque,juliana vianna
daniel antunes,luan garrido
daniel antunes,juliana vianna
luan garrido,juliana vianna
sirius silva,jonice oliveira
sirius silva,marcos borges
jonice oliveira,marcos borges
darlinton carvalho,ricardo marcacini
darlinton carvalho,carlos lucena
darlinton carvalho,solange rezende
ricardo marcacini,carlos lucena
ricardo marcacini,solange rezende
carlos lucena,solange rezende
luiz silva,renelson sampaio
rodrigo santos,maria esteves
rodrigo santos,gleisson freitas
rodrigo santos,jano souza
maria esteves,gleisson freitas
maria esteves,jano souza
gleisson freitas,jano souza
maria andrade,patricia braga
maria andrade,tereza carneiro
maria andrade,nubia ribeiro
maria andrade,marcelo moret
maria andrade,hernane pereira
patricia braga,tereza carneiro
patricia braga,nubia ribeiro
patricia braga,marcelo moret
patricia braga,hernane pereira
tereza carneiro,nubia ribeiro
tereza carneiro,marcelo moret
tereza carneiro,hernane pereira
nubia ribeiro,marcelo moret
nubia ribeiro,hernane pereira
marcelo moret,hernane pereira
luciano digiampietri,rogerio mugnaini
luciano digiampietri,caio alves
rogerio mugnaini,caio alves
inacio fadigas,marcelo cunha
inacio fadigas,marcos rosa
inacio fadigas,hernane pereira
marcelo cunha,marcos rosa
marcelo cunha,hernane pereira
marcos rosa,hernane pereira
aleksandra silva,silvana brito
aleksandra silva,nandamudi vijaykuma
aleksandra silva,dalton martins
aleksandra silva,claudio rocha
aleksandra silva,joao costa
aleksandra silva,carlos frances
silvana brito,nandamudi vijaykuma
silvana brito,dalton martins
silvana brito,claudio rocha
silvana brito,joao costa
silvana brito,carlos frances
nandamudi vijaykuma,dalton martins
nandamudi vijaykuma,claudio rocha
nandamudi vijaykuma,joao costa
nandamudi vijaykuma,carlos frances
dalton martins,claudio rocha
dalton martins,joao costa
dalton martins,carlos frances
claudio rocha,joao costa
claudio rocha,carlos frances
joao costa,carlos frances
raquel melo-minardi,luciano digiampietri
raquel melo-minardi,pedro melo
raquel melo-minardi,geraldo junior
raquel melo-minardi,leonardo oliveira
luciano digiampietri,pedro melo
luciano digiampietri,geraldo junior
luciano digiampietri,leonardo oliveira
pedro melo,geraldo junior
pedro melo,leonardo oliveira
geraldo junior,leonardo oliveira
pedro guerra,wagner junior
bruno miyata,vitor kano
bruno miyata,luciano digiampietri
vitor kano,luciano digiampietri
artur rodrigues,raquel melo-minardi
artur rodrigues,wagner junior
raquel melo-minardi,wagner junior
danyllo albuquerque,alisson brito
danyllo albuquerque,jansepetrus pereira
danyllo albuquerque,moacir mendonca
danyllo albuquerque,alexandre duarte
alisson brito,jansepetrus pereira
alisson brito,moacir mendonca
alisson brito,alexandre duarte
jansepetrus pereira,moacir mendonca
jansepetrus pereira,alexandre duarte
moacir mendonca,alexandre duarte
pollyanna goncalves,fabricio benevenuto
pollyanna goncalves,virgilio almeida
fabricio benevenuto,virgilio almeida
luciano digiampietri,caio santiago
luciano digiampietri,caio alves
caio santiago,caio alves
paulo soares,ricardo prudencio
rene gadelha,ricardo prudencio
rene gadelha,rinaldo lima
rene gadelha,cleyton souza
ricardo prudencio,rinaldo lima
ricardo prudencio,cleyton souza
rinaldo lima,cleyton souza
marcelo cunha,marcos rosa
marcelo cunha,inacio fadigas
marcelo cunha,jose miranda
marcelo cunha,hernane pereira
marcos rosa,inacio fadigas
marcos rosa,jose miranda
marcos rosa,hernane pereira
inacio fadigas,jose miranda
inacio fadigas,hernane pereira
jose miranda,hernane pereira
li weigang,zheng jianya
li weigang,liu yang
zheng jianya,liu yang
claudia lopes,ana rodrigues
claudia lopes,marcos rosa
claudia lopes,maria andrade
claudia lopes,inacio fadigas
claudia lopes,alba vilela
claudia lopes,hernane pereira
ana rodrigues,marcos rosa
ana rodrigues,maria andrade
ana rodrigues,inacio fadigas
ana rodrigues,alba vilela
ana rodrigues,hernane pereira
marcos rosa,maria andrade
marcos rosa,inacio fadigas
marcos rosa,alba vilela
marcos rosa,hernane pereira
maria andrade,inacio fadigas
maria andrade,alba vilela
maria andrade,hernane pereira
inacio fadigas,alba vilela
inacio fadigas,hernane pereira
alba vilela,hernane pereira
marcus machado,rodrigo andrade
marcus machado,rogerio serpa
rodrigo andrade,rogerio serpa
daniele ferreira,welington akamine
daniele ferreira,genaina rodrigues
daniele ferreira,mylene farias
welington akamine,genaina rodrigues
welington akamine,mylene farias
genaina rodrigues,mylene farias
denise brito,wagner junior
denise brito,roberto souza
denise brito,bruna neuenschwander
denise brito,walter santos
denise brito,mauro teixeira
wagner junior,roberto souza
wagner junior,bruna neuenschwander
wagner junior,walter santos
wagner junior,mauro teixeira
roberto souza,bruna neuenschwander
roberto souza,walter santos
roberto souza,mauro teixeira
bruna neuenschwander,walter santos
bruna neuenschwander,mauro teixeira
walter santos,mauro teixeira
alessandra quadros,daniel alfaro
alessandra quadros,juliana valerio
daniel alfaro,juliana valerio
bianca lima,maria campos
thaiana lima,rodrigo santos
thaiana lima,claudia werner
rodrigo santos,claudia werner
thiago dias,gray moita
thiago dias,patricia dias
thiago dias,tales moreira
thiago dias,leandro santos
gray moita,patricia dias
gray moita,tales moreira
gray moita,leandro santos
patricia dias,tales moreira
patricia dias,leandro santos
tales moreira,leandro santos
gustavo guedes,eduardo bezerra
gustavo guedes,geraldo xexeo
eduardo bezerra,geraldo xexeo
victor lopez,raul nunes
andre albuquerque,daniel antunes
andre albuquerque,luan garrido
andre albuquerque,juliana valerio
daniel antunes,luan garrido
daniel antunes,juliana valerio
luan garrido,juliana valerio
daniel santos,luziane mendonca
daniel santos,marcello teixeira
luziane mendonca,marcello teixeira
a corbellini,c mateos
a corbellini,d godoy
a corbellini,a zunino
a corbellini,s schiaffino
c mateos,d godoy
c mateos,a zunino
c mateos,s schiaffino
d godoy,a zunino
d godoy,s schiaffino
a zunino,s schiaffino
bernardo lauand,jonice oliveira
michel boaventura,karina boson
michel boaventura,ana silva
michel boaventura,adriano veloso
michel boaventura,wagner junior
karina boson,ana silva
karina boson,adriano veloso
karina boson,wagner junior
ana silva,adriano veloso
ana silva,wagner junior
adriano veloso,wagner junior
luciano rossi,jesus mena-chalco
luciano digiampietri,caio alves
luciano digiampietri,caio trucolo
luciano digiampietri,romulo oliveira
caio alves,caio trucolo
caio alves,romulo oliveira
caio trucolo,romulo oliveira
ayslanya wanderley,alexandre duarte
ayslanya wanderley,alisson brito
ayslanya wanderley,mateus prestes
ayslanya wanderley,felipe fragoso
alexandre duarte,alisson brito
alexandre duarte,mateus prestes
alexandre duarte,felipe fragoso
alisson brito,mateus prestes
alisson brito,felipe fragoso
mateus prestes,felipe fragoso
manuel almeida,aline paes
manuel almeida,daniel oliveira
aline paes,daniel oliveira
ruhan bidart,adriano pereira
ruhan bidart,jussara almeida
ruhan bidart,anisio lacerda
adriano pereira,jussara almeida
adriano pereira,anisio lacerda
jussara almeida,anisio lacerda
anderson silva,fabio rosa
anderson silva,igor rocha
anderson silva,fabio junior
anderson silva,eduardo bezerra
anderson silva,gustavo guedes
anderson silva,eduardo ogasawara
fabio rosa,igor rocha
fabio rosa,fabio junior
fabio rosa,eduardo bezerra
fabio rosa,gustavo guedes
fabio rosa,eduardo ogasawara
igor rocha,fabio junior
igor rocha,eduardo bezerra
igor rocha,gustavo guedes
igor rocha,eduardo ogasawara
fabio junior,eduardo bezerra
fabio junior,gustavo guedes
fabio junior,eduardo ogasawara
eduardo bezerra,gustavo guedes
eduardo bezerra,eduardo ogasawara
gustavo guedes,eduardo ogasawara
claucio sousa,marcello freitas
claucio sousa,geilson andrade
claucio sousa,thiago moura
claucio sousa,damires souza
marcello freitas,geilson andrade
marcello freitas,thiago moura
marcello freitas,damires souza
geilson andrade,thiago moura
geilson andrade,damires souza
thiago moura,damires souza
ricardo sampaio,jorge fernandes
ricardo sampaio,brigitte gay
jorge fernandes,brigitte gay
claudia lopes,marcelo cunha
claudia lopes,ana rodrigues
claudia lopes,alba vilela
claudia lopes,cezar casotti
claudia lopes,hernane pereira
marcelo cunha,ana rodrigues
marcelo cunha,alba vilela
marcelo cunha,cezar casotti
marcelo cunha,hernane pereira
ana rodrigues,alba vilela
ana rodrigues,cezar casotti
ana rodrigues,hernane pereira
alba vilela,cezar casotti
alba vilela,hernane pereira
cezar casotti,hernane pereira
tiago franca,jonice oliveira
aline santos,karin becker
aline santos,viviane moreira
karin becker,viviane moreira
thales evangelista,thereza padilha
renato filho,jussara almeida
renato filho,gisele pappa
jussara almeida,gisele pappa
leonardo sapiras,karin becker
elisandra silva,marco andrade
renato filho,arthur carvalho
renato filho,gisele pappa
arthur carvalho,gisele pappa
chi-bin cheng,min-yuh day
chi-bin cheng,sheng-pao shih
chi-bin cheng,weide chang
min-yuh day,sheng-pao shih
min-yuh day,weide chang
sheng-pao shih,weide chang
vitor baptista,fernando brito
vitor baptista,jansepetrus brasileiro
vitor baptista,alexandre duarte
vitor baptista,ed bezerra
vitor baptista,filipe almeida
vitor baptista,patricia lima
vitor baptista,samara guimaraes
fernando brito,jansepetrus brasileiro
fernando brito,alexandre duarte
fernando brito,ed bezerra
fernando brito,filipe almeida
fernando brito,patricia lima
fernando brito,samara guimaraes
jansepetrus brasileiro,alexandre duarte
jansepetrus brasileiro,ed bezerra
jansepetrus brasileiro,filipe almeida
jansepetrus brasileiro,patricia lima
jansepetrus brasileiro,samara guimaraes
alexandre duarte,ed bezerra
alexandre duarte,filipe almeida
alexandre duarte,patricia lima
alexandre duarte,samara guimaraes
ed bezerra,filipe almeida
ed bezerra,patricia lima
ed bezerra,samara guimaraes
filipe almeida,patricia lima
filipe almeida,samara guimaraes
patricia lima,samara guimaraes
elisa ribeiro,antonio bastos
victor ribeiro,andrea magdaleno
victor ribeiro,claudia werner
andrea magdaleno,claudia werner
emanoel silva,jose junior
emanoel silva,vitor costa
emanoel silva,alixandre santana
jose junior,vitor costa
jose junior,alixandre santana
vitor costa,alixandre santana
luciano digiampietri,william maruyama
liu yang,deborah ferreira
liu yang,jianya zheng
liu yang,li weigang
deborah ferreira,jianya zheng
deborah ferreira,li weigang
jianya zheng,li weigang
tereza carneiro,roberto monteiro
tereza carneiro,rodrigo boas
tereza carneiro,tiago cajahyba
tereza carneiro,hernane perreira
roberto monteiro,rodrigo boas
roberto monteiro,tiago cajahyba
roberto monteiro,hernane perreira
rodrigo boas,tiago cajahyba
rodrigo boas,hernane perreira
tiago cajahyba,hernane perreira
zhang hongjun,hao wenning
zhang hongjun,he dengchao
zhang hongjun,mao yuxing
hao wenning,he dengchao
hao wenning,mao yuxing
he dengchao,mao yuxing
ingrhid theodoro,fabio rangel
ingrhid theodoro,tiago franca
ingrhid theodoro,jonice oliveira
fabio rangel,tiago franca
fabio rangel,jonice oliveira
tiago franca,jonice oliveira
jansen souza,daniel lyra
jansen souza,julianne cavalcanti
jansen souza,rivaldo simao
jansen souza,zenildo cezar
jansen souza,alexandre duarte
jansen souza,alisson brito
daniel lyra,julianne cavalcanti
daniel lyra,rivaldo simao
daniel lyra,zenildo cezar
daniel lyra,alexandre duarte
daniel lyra,alisson brito
julianne cavalcanti,rivaldo simao
julianne cavalcanti,zenildo cezar
julianne cavalcanti,alexandre duarte
julianne cavalcanti,alisson brito
rivaldo simao,zenildo cezar
rivaldo simao,alexandre duarte
rivaldo simao,alisson brito
zenildo cezar,alexandre duarte
zenildo cezar,alisson brito
alexandre duarte,alisson brito
moacir junior,thiago lima
moacir junior,alisson brito
moacir junior,alexandre duarte
thiago lima,alisson brito
thiago lima,alexandre duarte
alisson brito,alexandre duarte
eduardo santos,fernanda lima
julio reis,pollyanna goncalves
julio reis,matheus araujo
julio reis,adriano pereira
julio reis,fabricio benevenuto
pollyanna goncalves,matheus araujo
pollyanna goncalves,adriano pereira
pollyanna goncalves,fabricio benevenuto
matheus araujo,adriano pereira
matheus araujo,fabricio benevenuto
adriano pereira,fabricio benevenuto
luiz assis,flavio horita
luiz assis,benjamin herfort
luiz assis,enrico steiger
luiz assis,joao albuquerque
flavio horita,benjamin herfort
flavio horita,enrico steiger
flavio horita,joao albuquerque
benjamin herfort,enrico steiger
benjamin herfort,joao albuquerque
enrico steiger,joao albuquerque
luciano rossi,jesus mena-chalco
hugo santos,alberto laender
hugo santos,adriano pereira
alberto laender,adriano pereira
diogo pacheco,fernando neto
diogo pacheco,luis moyano
diogo pacheco,ronaldo menezes
fernando neto,luis moyano
fernando neto,ronaldo menezes
luis moyano,ronaldo menezes
ana casnati,claudia lopes
ana casnati,dante galeffi
ana casnati,teresinha burnham
ana casnati,alba vilela
ana casnati,hernane pereira
claudia lopes,dante galeffi
claudia lopes,teresinha burnham
claudia lopes,alba vilela
claudia lopes,hernane pereira
dante galeffi,teresinha burnham
dante galeffi,alba vilela
dante galeffi,hernane pereira
teresinha burnham,alba vilela
teresinha burnham,hernane pereira
alba vilela,hernane pereira
mariana arantes,flavio figueiredo
mariana arantes,jussara almeida
flavio figueiredo,jussara almeida
luiz chaves,alexandre duarte
igor malheiros,joao neto
igor malheiros,alexandre duarte
joao neto,alexandre duarte
lucas lima,gilderlanio araujo
lucas lima,pedro melo
lucas lima,fabricio benevenuto
lucas lima,ana silva
gilderlanio araujo,pedro melo
gilderlanio araujo,fabricio benevenuto
gilderlanio araujo,ana silva
pedro melo,fabricio benevenuto
pedro melo,ana silva
fabricio benevenuto,ana silva
joao gomes,ricardo prudencio
pollyanna goncalves,daniel dalip
pollyanna goncalves,julio reis
pollyanna goncalves,johnnatan messias
pollyanna goncalves,filipe ribeiro
pollyanna goncalves,philipe melo
pollyanna goncalves,leandro araujo
pollyanna goncalves,marcos goncalves
pollyanna goncalves,fabricio benevenuto
daniel dalip,julio reis
daniel dalip,johnnatan messias
daniel dalip,filipe ribeiro
daniel dalip,philipe melo
daniel dalip,leandro araujo
daniel dalip,marcos goncalves
daniel dalip,fabricio benevenuto
julio reis,johnnatan messias
julio reis,filipe ribeiro
julio reis,philipe melo
julio reis,leandro araujo
julio reis,marcos goncalves
julio reis,fabricio benevenuto
johnnatan messias,filipe ribeiro
johnnatan messias,philipe melo
johnnatan messias,leandro araujo
johnnatan messias,marcos goncalves
johnnatan messias,fabricio benevenuto
filipe ribeiro,philipe melo
filipe ribeiro,leandro araujo
filipe ribeiro,marcos goncalves
filipe ribeiro,fabricio benevenuto
philipe melo,leandro araujo
philipe melo,marcos goncalves
philipe melo,fabricio benevenuto
leandro araujo,marcos goncalves
leandro araujo,fabricio benevenuto
marcos goncalves,fabricio benevenuto
luis moyano,paulo cavalin
luis moyano,pedro miranda
paulo cavalin,pedro miranda
camila santos,daniela claro
alexandre alves,horacio yanasse
alexandre alves,nei soma
horacio yanasse,nei soma
wilton filho,ana garcia
marcelo cunha,jose miranda
marcelo cunha,hernane pereira
jose miranda,hernane pereira
thiago moreira,juliana valerio
thiago moreira,jonice oliveira
juliana valerio,jonice oliveira
pedro pinto,fabricio faria
pedro pinto,tiago franca
pedro pinto,jonice oliveira
fabricio faria,tiago franca
fabricio faria,jonice oliveira
tiago franca,jonice oliveira
ricardo andrade,leandro rego
fabio ferman,luan garrido
fabio ferman,tiago silva
fabio ferman,sergio rodrigues
fabio ferman,jano souza
luan garrido,tiago silva
luan garrido,sergio rodrigues
luan garrido,jano souza
tiago silva,sergio rodrigues
tiago silva,jano souza
sergio rodrigues,jano souza
luciano digiampietri,ricardo linden
luciano digiampietri,lenin barbosa
ricardo linden,lenin barbosa
hernane pereira,antonio cordeiro
hernane pereira,carlos santos
hernane pereira,alden jose
antonio cordeiro,carlos santos
antonio cordeiro,alden jose
carlos santos,alden jose
jose neto,dirceu melo
jose neto,claudia santana
jose neto,gillian lima
jose neto,patricia magris
jose neto,trazibulo henrique
jose neto,hernane pereira
dirceu melo,claudia santana
dirceu melo,gillian lima
dirceu melo,patricia magris
dirceu melo,trazibulo henrique
dirceu melo,hernane pereira
claudia santana,gillian lima
claudia santana,patricia magris
claudia santana,trazibulo henrique
claudia santana,hernane pereira
gillian lima,patricia magris
gillian lima,trazibulo henrique
gillian lima,hernane pereira
patricia magris,trazibulo henrique
patricia magris,hernane pereira
trazibulo henrique,hernane pereira
gabriel barbosa,thaiana lima
gabriel barbosa,rodrigo santos
gabriel barbosa,claudia werner
thaiana lima,rodrigo santos
thaiana lima,claudia werner
rodrigo santos,claudia werner
icaro dantas,li weigang
icaro dantas,ahmed saleh
li weigang,ahmed saleh
jansen souza,moacir junior
jansen souza,alisson brito
jansen souza,alexandre duarte
moacir junior,alisson brito
moacir junior,alexandre duarte
alisson brito,alexandre duarte
igleson figueredo,leandro marinho
igleson figueredo,leonardo alves
leandro marinho,leonardo alves
felipe nascimento,raquel melo-minardi
rubens filho,jonathas magalhaes
rubens filho,marlos silva
rubens filho,evandro costa
rubens filho,henrique luna
jonathas magalhaes,marlos silva
jonathas magalhaes,evandro costa
jonathas magalhaes,henrique luna
marlos silva,evandro costa
marlos silva,henrique luna
evandro costa,henrique luna
felipe fonseca,luciano digiampietri
leonardo ribeiro,daniel figueiredo
leonardo ribeiro,paulo nascimento
daniel figueiredo,paulo nascimento
jardeson barbosa,raimundo moura
gabriela campos,helen costa
luciano digiampietri,ricardo linden
luciano digiampietri,lenin barbosa
ricardo linden,lenin barbosa
william maruyama,luciano digiampietri
grettel garcia,bernardo nunes
grettel garcia,giseli lopes
grettel garcia,marco casanova
grettel garcia,luiz leme
bernardo nunes,giseli lopes
bernardo nunes,marco casanova
bernardo nunes,luiz leme
giseli lopes,marco casanova
giseli lopes,luiz leme
marco casanova,luiz leme
hugo fernandes,victor stroele
felipe eltermann,alan godoy
felipe eltermann,fernando zuben
alan godoy,fernando zuben
roney santos,raimundo moura
rafael soares,jorge fernandes
rafael soares,ricardo sampaio
jorge fernandes,ricardo sampaio
victor bursztyn,marcelo nunes
victor bursztyn,daniel figueiredo
marcelo nunes,daniel figueiredo
william maruyama,luciano digiampietri
gilberto pochet,carlos kamienski
pedro ramos,julio reis
pedro ramos,fabricio benevenuto
julio reis,fabricio benevenuto
michele brandao,matheus diniz
michele brandao,mirella moro
matheus diniz,mirella moro
joao clarindo,fabio coutinho
joao clarindo,andre freitas
fabio coutinho,andre freitas
luiz junior,gustavo guedes
luiz junior,eduardo bezerra
gustavo guedes,eduardo bezerra
josemar caetano,helder lima
josemar caetano,mateus santos
josemar caetano,humberto marques-neto
helder lima,mateus santos
helder lima,humberto marques-neto
mateus santos,humberto marques-neto
rian tavares,gustavo guedes
gilvan junior,roney santos
gilvan junior,raimundo moura
roney santos,raimundo moura
marcio silveira,wladmir brandao
victoria aires,paulo martins
victoria aires,fabiola nakamura
paulo martins,fabiola nakamura
douglas santos,thiago cunha
douglas santos,antonio silva
douglas santos,fernando parreiras
douglas santos,orlando gomes
thiago cunha,antonio silva
thiago cunha,fernando parreiras
thiago cunha,orlando gomes
antonio silva,fernando parreiras
antonio silva,orlando gomes
fernando parreiras,orlando gomes
tulio loures,pedro melo
tulio loures,adriano veloso
pedro melo,adriano veloso
esteban tuesta,karina delgado
esteban tuesta,adriano barbieri
esteban tuesta,cristina alves
esteban tuesta,guilherme carvalho
esteban tuesta,alan sabino
esteban tuesta,lucas andre
esteban tuesta,lucas zanoti
esteban tuesta,paula toyota
karina delgado,adriano barbieri
karina delgado,cristina alves
karina delgado,guilherme carvalho
karina delgado,alan sabino
karina delgado,lucas andre
karina delgado,lucas zanoti
karina delgado,paula toyota
adriano barbieri,cristina alves
adriano barbieri,guilherme carvalho
adriano barbieri,alan sabino
adriano barbieri,lucas andre
adriano barbieri,lucas zanoti
adriano barbieri,paula toyota
cristina alves,guilherme carvalho
cristina alves,alan sabino
cristina alves,lucas andre
cristina alves,lucas zanoti
cristina alves,paula toyota
guilherme carvalho,alan sabino
guilherme carvalho,lucas andre
guilherme carvalho,lucas zanoti
guilherme carvalho,paula toyota
alan sabino,lucas andre
alan sabino,lucas zanoti
alan sabino,paula toyota
lucas andre,lucas zanoti
lucas andre,paula toyota
lucas zanoti,paula toyota
jeancarlo leao,michele brandao
jeancarlo leao,pedro melo
jeancarlo leao,alberto laender
michele brandao,pedro melo
michele brandao,alberto laender
pedro melo,alberto laender
gabriel magalhaes,fernanda lima
gabriel magalhaes,eduardo santos
gabriel magalhaes,paulo junior
gabriel magalhaes,lucas rosa
fernanda lima,eduardo santos
fernanda lima,paulo junior
fernanda lima,lucas rosa
eduardo santos,paulo junior
eduardo santos,lucas rosa
paulo junior,lucas rosa
jorge fernandes,joao maranhao
jorge fernandes,cesar andrade
jorge fernandes,ricardo sampaio
joao maranhao,cesar andrade
joao maranhao,ricardo sampaio
cesar andrade,ricardo sampaio
luciano digiampietri,rogerio mugnaini
luciano digiampietri,jose perez-alcazar
luciano digiampietri,karina delgado
luciano digiampietri,esteban tuesta
luciano digiampietri,jesus mena-chalco
rogerio mugnaini,jose perez-alcazar
rogerio mugnaini,karina delgado
rogerio mugnaini,esteban tuesta
rogerio mugnaini,jesus mena-chalco
jose perez-alcazar,karina delgado
jose perez-alcazar,esteban tuesta
jose perez-alcazar,jesus mena-chalco
karina delgado,esteban tuesta
karina delgado,jesus mena-chalco
esteban tuesta,jesus mena-chalco
michele brandao,mirella moro
rogers pelle,viviane moreira
alex barbi,gilberto prataviera
carlos caminha,vasco furtado
carlos caminha,vladia pinheiro
carlos caminha,caio ponte
vasco furtado,vladia pinheiro
vasco furtado,caio ponte
vladia pinheiro,caio ponte
leticia verona,jonice oliveira
leticia verona,maria campos
jonice oliveira,maria campos
bruno souza,thais almeida
bruno souza,alice menezes
bruno souza,carlos figueiredo
bruno souza,fabiola nakamura
bruno souza,eduardo nakamura
thais almeida,alice menezes
thais almeida,carlos figueiredo
thais almeida,fabiola nakamura
thais almeida,eduardo nakamura
alice menezes,carlos figueiredo
alice menezes,fabiola nakamura
alice menezes,eduardo nakamura
carlos figueiredo,fabiola nakamura
carlos figueiredo,eduardo nakamura
fabiola nakamura,eduardo nakamura
rafael rodrigues,wladimir pereira
rafael rodrigues,eduardo bezerra
rafael rodrigues,gustavo guedes
wladimir pereira,eduardo bezerra
wladimir pereira,gustavo guedes
eduardo bezerra,gustavo guedes
miria bobo,victor stroele
miria bobo,ely matos
miria bobo,regina braga
miria bobo,fernanda campos
miria bobo,jose david
miria bobo,tiago torrent
victor stroele,ely matos
victor stroele,regina braga
victor stroele,fernanda campos
victor stroele,jose david
victor stroele,tiago torrent
ely matos,regina braga
ely matos,fernanda campos
ely matos,jose david
ely matos,tiago torrent
regina braga,fernanda campos
regina braga,jose david
regina braga,tiago torrent
fernanda campos,jose david
fernanda campos,tiago torrent
jose david,tiago torrent
rafael medina,ana silva
rafael medina,fabricio murai
ana silva,fabricio murai
barbara silveira,ana silva
barbara silveira,fabricio murai
ana silva,fabricio murai
daniel kansaon,michele brandao
daniel kansaon,saulo pinto
michele brandao,saulo pinto
thiago dias,tales moreira
thiago dias,patricia dias
tales moreira,patricia dias
lucas caparelli,luciano digiampietri
bruno evangelista,gabriela batista
bruno evangelista,jaqueline oliveira
gabriela batista,jaqueline oliveira
bruno souza,alice menezes
bruno souza,carlos figueiredo
bruno souza,fabiola nakamura
bruno souza,eduardo nakamura
alice menezes,carlos figueiredo
alice menezes,fabiola nakamura
alice menezes,eduardo nakamura
carlos figueiredo,fabiola nakamura
carlos figueiredo,eduardo nakamura
fabiola nakamura,eduardo nakamura
william christhie,julio reis
william christhie,fabricio moro
william christhie,virgilio almeida
julio reis,fabricio moro
julio reis,virgilio almeida
fabricio moro,virgilio almeida
carlos sa,raimundo moura
julia andrade,renata barreto
julia andrade,nubia ribeiro
julia andrade,hernane pereira
renata barreto,nubia ribeiro
renata barreto,hernane pereira
nubia ribeiro,hernane pereira
maria mondelli,luiz junior
maria mondelli,artur ziviani
luiz junior,artur ziviani
fabiola pereira,claudio linhares
fabiola pereira,jean ponciano
fabiola pereira,joao gama
fabiola pereira,sandra amo
fabiola pereira,gina oliveira
claudio linhares,jean ponciano
claudio linhares,joao gama
claudio linhares,sandra amo
claudio linhares,gina oliveira
jean ponciano,joao gama
jean ponciano,sandra amo
jean ponciano,gina oliveira
joao gama,sandra amo
joao gama,gina oliveira
sandra amo,gina oliveira
lucas felix,carlos barbosa
lucas felix,iago carvalho
lucas felix,vinicius vieira
lucas felix,carolina xavier
carlos barbosa,iago carvalho
carlos barbosa,vinicius vieira
carlos barbosa,carolina xavier
iago carvalho,vinicius vieira
iago carvalho,carolina xavier
vinicius vieira,carolina xavier
mateus nascimento,pedro ruas
mateus nascimento,otaviano neves
mateus nascimento,luis zarate
mateus nascimento,cristiane nobre
pedro ruas,otaviano neves
pedro ruas,luis zarate
pedro ruas,cristiane nobre
otaviano neves,luis zarate
otaviano neves,cristiane nobre
luis zarate,cristiane nobre
gabriela alves,joao bastos
gabriela alves,michele brandao
gabriela alves,adriano pereira
joao bastos,michele brandao
joao bastos,adriano pereira
michele brandao,adriano pereira
eduardo hargreaves,daniel menasche
eduardo hargreaves,giovanni neglia
eduardo hargreaves,claudio agosti
daniel menasche,giovanni neglia
daniel menasche,claudio agosti
giovanni neglia,claudio agosti
breno matos,carlos ferreira
breno matos,jussara almeida
carlos ferreira,jussara almeida
mateus silveira,wender xavier
mateus silveira,humberto marques-neto
wender xavier,humberto marques-neto
leonardo santos,gustavo guedes
gabriel nascimento,fellipe duarte
gabriel nascimento,gustavo guedes
fellipe duarte,gustavo guedes
yara araujo,anderson chares
yara araujo,jonice sampaio
anderson chares,jonice sampaio
rodolpho nascimento,pedro parreira
rodolpho nascimento,gabriel santos
rodolpho nascimento,gustavo guedes
pedro parreira,gabriel santos
pedro parreira,gustavo guedes
gabriel santos,gustavo guedes
geraldo junior,thiago dias
geraldo junior,thiago silva
geraldo junior,alberto laender
thiago dias,thiago silva
thiago dias,alberto laender
thiago silva,alberto laender
alexandre cunha,isabela santos
alexandre cunha,daniel pedrosa
alexandre cunha,francis steen
alexandre cunha,mark turner
alexandre cunha,maira avelar
alexandre cunha,lilian ferrari
alexandre cunha,gustavo guedes
isabela santos,daniel pedrosa
isabela santos,francis steen
isabela santos,mark turner
isabela santos,maira avelar
isabela santos,lilian ferrari
isabela santos,gustavo guedes
daniel pedrosa,francis steen
daniel pedrosa,mark turner
daniel pedrosa,maira avelar
daniel pedrosa,lilian ferrari
daniel pedrosa,gustavo guedes
francis steen,mark turner
francis steen,maira avelar
francis steen,lilian ferrari
francis steen,gustavo guedes
mark turner,maira avelar
mark turner,lilian ferrari
mark turner,gustavo guedes
maira avelar,lilian ferrari
maira avelar,gustavo guedes
lilian ferrari,gustavo guedes
silas moreira,maruscia baklizky
silas moreira,luciano digiampietri
maruscia baklizky,luciano digiampietri
fabio lobato,marcelo silva
fabio lobato,krislen coelho
fabio lobato,simone silva
fabio lobato,fernando pontes
marcelo silva,krislen coelho
marcelo silva,simone silva
marcelo silva,fernando pontes
krislen coelho,simone silva
krislen coelho,fernando pontes
simone silva,fernando pontes
luiz borro,mayara maioli
luiz borro,tales souza
luiz borro,daniel pinto
mayara maioli,tales souza
mayara maioli,daniel pinto
tales souza,daniel pinto
lucas rolim,daniel figueiredo
flavio carvalho,rafael rodrigues
flavio carvalho,gabriel santos
flavio carvalho,pedro cruz
flavio carvalho,lilian ferrari
flavio carvalho,gustavo guedes
rafael rodrigues,gabriel santos
rafael rodrigues,pedro cruz
rafael rodrigues,lilian ferrari
rafael rodrigues,gustavo guedes
gabriel santos,pedro cruz
gabriel santos,lilian ferrari
gabriel santos,gustavo guedes
pedro cruz,lilian ferrari
pedro cruz,gustavo guedes
lilian ferrari,gustavo guedes
julia andrade,nubia ribeiro
julia andrade,eneida baumann
julia andrade,vanda santo
julia andrade,hernane pereira
nubia ribeiro,eneida baumann
nubia ribeiro,vanda santo
nubia ribeiro,hernane pereira
eneida baumann,vanda santo
eneida baumann,hernane pereira
vanda santo,hernane pereira
lucas rodrigues,jorge junior
lucas rodrigues,fabio lobato
jorge junior,fabio lobato
rafael medina,ana silva
rafael medina,fabricio murai
ana silva,fabricio murai
douglas vitorio,ellen souza
douglas vitorio,adriano oliveira
ellen souza,adriano oliveira
murilo medeiros,vinicius borges
eduardo hargreaves,daniel menasche
eduardo hargreaves,giovanni neglia
daniel menasche,giovanni neglia
rogerio sousa,rafael anchieta
rogerio sousa,maria nunes
rafael anchieta,maria nunes
gabriel nobre,jussara almeida
gabriel nobre,carlos ferreira
jussara almeida,carlos ferreira
rodolpho nascimento,flavio carvalho
rodolpho nascimento,gustavo guedes
flavio carvalho,gustavo guedes
emanuelle martins,kenia goncalves
emanuelle martins,renato filho
kenia goncalves,renato filho
leonardo santos,gustavo guedes
andrei inacio,leandro hatori
andrei inacio,matheus gutoski
andrei inacio,andre lazzaretti
andrei inacio,heitor lopes
leandro hatori,matheus gutoski
leandro hatori,andre lazzaretti
leandro hatori,heitor lopes
matheus gutoski,andre lazzaretti
matheus gutoski,heitor lopes
andre lazzaretti,heitor lopes
arthur kamienski,rafael damaceno
arthur kamienski,jesus mena-chalco
rafael damaceno,jesus mena-chalco
lucas frota,carlos figueiredo
vinicius coutinho,yuri malheiros
barbara silveira,ana silva
barbara silveira,fabricio murai
ana silva,fabricio murai
gustavo almeida,isabelle guimaraes
gustavo almeida,antonio junior
gustavo almeida,fabio lobato
isabelle guimaraes,antonio junior
isabelle guimaraes,fabio lobato
antonio junior,fabio lobato
maria leite,marcus guelpeli
maria leite,caroline santos
marcus guelpeli,caroline santos
gabriel calegari,ana silva
raul costa,thiago pardo
luiz carvalho,jonice oliveira
luiz carvalho,claudia cappelli
jonice oliveira,claudia cappelli
kaique cunha,alan gomes
m braga,fabiola nakamura
m braga,eduardo nakamura
fabiola nakamura,eduardo nakamura
renato melo,andre vignatti
lucas rolim,jefferson simoes
lucas rolim,daniel figueiredo
jefferson simoes,daniel figueiredo
rodolpho nascimento,gabriel nascimento
rodolpho nascimento,flavio carvalho
rodolpho nascimento,gustavo guedes
gabriel nascimento,flavio carvalho
gabriel nascimento,gustavo guedes
flavio carvalho,gustavo guedes
eric araujo,mariza ferro
eric araujo,gabrieli silva
mariza ferro,gabrieli silva
gustavo sousa,isabelle guimaraes
gustavo sousa,antonio junior
gustavo sousa,fabio lobato
isabelle guimaraes,antonio junior
isabelle guimaraes,fabio lobato
antonio junior,fabio lobato
diogo nolasco,jonice oliveira
yuri almeida,francis rubin
yuri almeida,adriana alvim
yuri almeida,vania dias
yuri almeida,rodrigo santos
francis rubin,adriana alvim
francis rubin,vania dias
francis rubin,rodrigo santos
adriana alvim,vania dias
adriana alvim,rodrigo santos
vania dias,rodrigo santos
ozorio camargos,adriano pereira
ozorio camargos,michele brandao
adriano pereira,michele brandao
