,Unnamed: 0,nome,genero,p_name
0,0,lucas lima,homem,lucas
1,1,vinicius coutinho,homem,vinicius
2,2,gabriela campos,mulher,gabriela
3,3,geilson andrade,homem,geilson
4,4,murilo medeiros,homem,murilo
5,5,igor rocha,homem,igor
6,6,mirella moro,mulher,mirella
7,7,jianya zheng,indefinido,jianya
8,8,vinicius borges,homem,vinicius
9,9,carlos sa,homem,carlos
10,10,he dengchao,mulher,he
11,11,daniel pinto,homem,daniel
12,12,thiago cunha,homem,thiago
13,13,roberto souza,homem,roberto
14,14,maria mondelli,mulher,maria
15,15,guilherme campos,homem,guilherme
16,16,vitor costa,homem,vitor
17,17,aline santos,mulher,aline
18,18,jansepetrus brasileiro,indefinido,jansepetrus
19,19,gillian lima,homem,gillian
20,20,mauro teixeira,homem,mauro
21,21,min-yuh day,indefinido,min-yuh
22,22,claudio rocha,homem,claudio
23,23,igleson figueredo,homem,igleson
24,24,vinicius machado,homem,vinicius
25,25,gustavo almeida,homem,gustavo
26,26,arlei silva,homem,arlei
27,27,roney santos,homem,roney
28,28,c mateos,indefinido,c
29,29,margarethe steinberger-elias,mulher,margarethe
30,30,elisa ribeiro,mulher,elisa
31,31,bruna neuenschwander,mulher,bruna
32,32,jose junior,homem,jose
33,33,ronaldo menezes,homem,ronaldo
34,34,fellipe duarte,homem,fellipe
35,35,carlos barbosa,homem,carlos
36,36,camila santos,mulher,camila
37,37,andrea magdaleno,mulher,andrea
38,38,caio santiago,homem,caio
39,39,moacir mendonca,homem,moacir
40,40,thiago muramatsu,homem,thiago
41,41,maria nunes,mulher,maria
42,42,mariano pimentel,homem,mariano
43,43,alisson brito,homem,alisson
44,44,trazibulo henrique,homem,trazibulo
45,45,eduardo ogasawara,homem,eduardo
46,46,carlos kamienski,homem,carlos
47,47,luan garrido,homem,luan
48,48,felipe eltermann,homem,felipe
49,49,rene gadelha,homem,rene
50,50,fabio lobato,homem,fabio
51,51,rafael rodrigues,homem,rafael
52,52,cleyton souza,homem,cleyton
53,53,mateus silveira,homem,mateus
54,54,tulio loures,homem,tulio
55,55,lenin barbosa,homem,lenin
56,56,wagner junior,homem,wagner
57,57,gabriela batista,mulher,gabriela
58,58,victoria aires,mulher,victoria
59,59,vinicius vieira,homem,vinicius
60,60,esteban tuesta,homem,esteban
61,61,rafael monclar,homem,rafael
62,62,eder pereira,homem,eder
63,63,ana rodrigues,mulher,ana
64,64,mariela rodriguez,mulher,mariela
65,65,vasco furtado,homem,vasco
66,66,leandro santos,homem,leandro
67,67,alexandre cunha,homem,alexandre
68,68,gabriel nascimento,homem,gabriel
69,69,ayslanya wanderley,indefinido,ayslanya
70,70,rogerio serpa,homem,rogerio
71,71,fabio junior,homem,fabio
72,72,a zunino,indefinido,a
73,73,ingrhid theodoro,indefinido,ingrhid
74,74,anderson silva,homem,anderson
75,75,claudio linhares,homem,claudio
76,76,gabriel magalhaes,homem,gabriel
77,77,daniel figueiredo,homem,daniel
78,78,carlos morel,homem,carlos
79,79,aline rodrigues,mulher,aline
80,80,filipe almeida,homem,filipe
81,81,mayara maioli,mulher,mayara
82,82,tiago silva,homem,tiago
83,83,luiz borro,homem,luiz
84,84,daniele ferreira,mulher,daniele
85,85,ricardo andrade,homem,ricardo
86,86,hernane perreira,homem,hernane
87,87,ricardo oliveira,homem,ricardo
88,88,miria bobo,mulher,miria
89,89,michele brandao,mulher,michele
90,90,silas moreira,homem,silas
91,91,pollyanna goncalves,mulher,pollyanna
92,92,roberto oliveira,homem,roberto
93,93,arthur kamienski,homem,arthur
94,94,eduardo santos,homem,eduardo
95,95,flavio figueiredo,homem,flavio
96,96,matheus gutoski,homem,matheus
97,97,adriana alvim,mulher,adriana
98,98,pedro ruas,homem,pedro
99,99,luciano rossi,homem,luciano
100,100,andre lazzaretti,homem,andre
101,101,adriano barbieri,homem,adriano
102,102,fernando zuben,homem,fernando
103,103,evelyn aquino,mulher,evelyn
104,104,tales moreira,homem,tales
105,105,antonio cordeiro,homem,antonio
106,106,thaiana lima,mulher,thaiana
107,107,leticia verona,mulher,leticia
108,108,eliane souza,mulher,eliane
109,109,luiz assis,homem,luiz
110,110,simone silva,mulher,simone
111,111,andrei inacio,homem,andrei
112,112,pedro miranda,homem,pedro
113,113,inacio fadigas,homem,inacio
114,114,patricia lima,mulher,patricia
115,115,michel boaventura,homem,michel
116,116,virgilio almeida,homem,virgilio
117,117,zheng jianya,homem,zheng
118,118,geraldo zimbrao,homem,geraldo
119,119,alixandre santana,homem,alixandre
120,120,marcos rosa,homem,marcos
121,121,jansen souza,homem,jansen
122,122,lucas felix,homem,lucas
123,123,daniel dalip,homem,daniel
124,124,gisele pappa,mulher,gisele
125,125,maria campos,mulher,maria
126,126,fabio ferman,homem,fabio
127,127,rivaldo simao,homem,rivaldo
128,128,gleisson freitas,homem,gleisson
129,129,luiz silva,homem,luiz
130,130,juliana valerio,mulher,juliana
131,131,luiz chaves,homem,luiz
132,132,renata araujo,mulher,renata
133,133,flavio carvalho,homem,flavio
134,134,jorge fernandes,homem,jorge
135,135,juliana vianna,mulher,juliana
136,136,rodrigo silva,homem,rodrigo
137,137,luan oliveira,homem,luan
138,138,samantha vrabl,mulher,samantha
139,139,krislen coelho,mulher,krislen
140,140,karina delgado,mulher,karina
141,141,ricardo sampaio,homem,ricardo
142,142,enrico steiger,homem,enrico
143,143,breno matos,homem,breno
144,144,brunno silveira,homem,brunno
145,145,a corbellini,indefinido,a
146,146,alba vilela,mulher,alba
147,147,diego castro,homem,diego
148,148,maria leite,mulher,maria
149,149,fernando brito,homem,fernando
150,150,andre albuquerque,homem,andre
151,151,marcello teixeira,homem,marcello
152,152,alberto laender,homem,alberto
153,153,mao yuxing,homem,mao
154,154,paulo soares,homem,paulo
155,155,diogo pacheco,homem,diogo
156,156,joao costa,homem,joao
157,157,guilherme carvalho,homem,guilherme
158,158,neylson crepalde,homem,neylson
159,159,roberto cesar-jr,homem,roberto
160,160,dante galeffi,homem,dante
161,161,zhang hongjun,homem,zhang
162,162,herico valiati,homem,herico
163,163,luziane mendonca,mulher,luziane
164,164,alice menezes,mulher,alice
165,165,marcio silveira,homem,marcio
166,166,fernando neto,homem,fernando
167,167,eduardo hargreaves,homem,eduardo
168,168,bruno souza,homem,bruno
169,169,renata barreto,mulher,renata
170,170,alan gomes,homem,alan
171,171,bernardo nunes,homem,bernardo
172,172,ana garcia,mulher,ana
173,173,viviane moreira,mulher,viviane
174,174,jose perez-alcazar,homem,jose
175,175,julia andrade,mulher,julia
176,176,diogo nolasco,homem,diogo
177,177,cristina alves,mulher,cristina
178,178,karina boson,mulher,karina
179,179,jonice oliveira,mulher,jonice
180,180,gabriela alves,mulher,gabriela
181,181,gabriel barbosa,homem,gabriel
182,182,jefferson simoes,homem,jefferson
183,183,vanda santo,mulher,vanda
184,184,antonio bastos,homem,antonio
185,185,giovanni neglia,homem,giovanni
186,186,weide chang,homem,weide
187,187,lucas caparelli,homem,lucas
188,188,claudia werner,mulher,claudia
189,189,maruscia baklizky,indefinido,maruscia
190,190,carlos santos,homem,carlos
191,191,isabela santos,mulher,isabela
192,192,bruno lima,homem,bruno
193,193,raquel melo-minardi,mulher,raquel
194,194,fernanda santos,mulher,fernanda
195,195,marcelo cunha,homem,marcelo
196,196,brigitte gay,mulher,brigitte
197,197,claucio sousa,homem,claucio
198,198,victor ribeiro,homem,victor
199,199,anderson chares,homem,anderson
200,200,silvana brito,mulher,silvana
201,201,philipe melo,homem,philipe
202,202,vitor kano,homem,vitor
203,203,felipe nascimento,homem,felipe
204,204,tiago torrent,homem,tiago
205,205,hernane pereira,homem,hernane
206,206,gustavo sousa,homem,gustavo
207,207,deborah mendes,mulher,deborah
208,208,roberto monteiro,homem,roberto
209,209,evandro costa,homem,evandro
210,210,leandro hatori,homem,leandro
211,211,mylene farias,mulher,mylene
212,212,ana malheiros,mulher,ana
213,213,filipe ribeiro,homem,filipe
214,214,lucas rolim,homem,lucas
215,215,mateus prestes,homem,mateus
216,216,paula toyota,mulher,paula
217,217,walter santos,homem,walter
218,218,thiago lima,homem,thiago
219,219,ruhan bidart,homem,ruhan
220,220,sara guimaraes,mulher,sara
221,221,marcelo moret,homem,marcelo
222,222,renato filho,homem,renato
223,223,giseli lopes,mulher,giseli
224,224,adriano veloso,homem,adriano
225,225,sandra amo,mulher,sandra
226,226,darlinton carvalho,homem,darlinton
227,227,alexandre alves,homem,alexandre
228,228,alden jose,homem,alden
229,229,dalton martins,homem,dalton
230,230,lucas rodrigues,homem,lucas
231,231,caio alves,homem,caio
232,232,vitor baptista,homem,vitor
233,233,hugo fernandes,homem,hugo
234,234,fabio coutinho,homem,fabio
235,235,moacir junior,homem,moacir
236,236,rian tavares,homem,rian
237,237,ed bezerra,homem,ed
238,238,eneida baumann,mulher,eneida
239,239,carlos frances,homem,carlos
240,240,leonardo sapiras,homem,leonardo
241,241,flavio horita,homem,flavio
242,242,henrique luna,homem,henrique
243,243,victor bursztyn,homem,victor
244,244,tereza carneiro,mulher,tereza
245,245,emanoel silva,homem,emanoel
246,246,tiago franca,homem,tiago
247,247,victor lopez,homem,victor
248,248,jose neto,homem,jose
249,249,marcelo silva,homem,marcelo
250,250,patricia magris,mulher,patricia
251,251,caroline santos,mulher,caroline
252,252,jose alcazar,homem,jose
253,253,manuel almeida,homem,manuel
254,254,leandro araujo,homem,leandro
255,255,gilderlanio araujo,homem,gilderlanio
256,256,rafael medina,homem,rafael
257,257,carlos caminha,homem,carlos
258,258,marcos borges,homem,marcos
259,259,anisio lacerda,homem,anisio
260,260,alan sabino,homem,alan
261,261,daniel pedrosa,homem,daniel
262,262,claudia motta,mulher,claudia
263,263,alex barbi,homem,alex
264,264,marcelo nunes,homem,marcelo
265,265,artur ziviani,homem,artur
266,266,rodrigo aguas,homem,rodrigo
267,267,wladmir brandao,homem,wladmir
268,268,gabriel nobre,homem,gabriel
269,269,priscila rohem-santos,mulher,priscila
270,270,wellington dores,homem,wellington
271,271,carlos ferreira,homem,carlos
272,272,benjamin herfort,homem,benjamin
273,273,rodrigo santos,homem,rodrigo
274,274,pedro melo,homem,pedro
275,275,isabelle guimaraes,mulher,isabelle
276,276,wladimir pereira,homem,wladimir
277,277,sergio rodrigues,homem,sergio
278,278,tiago cajahyba,homem,tiago
279,279,joao albuquerque,homem,joao
280,280,marcello freitas,homem,marcello
281,281,joao clarindo,homem,joao
282,282,carlos figueiredo,homem,carlos
283,283,m braga,indefinido,m
284,284,rodolpho nascimento,homem,rodolpho
285,285,gustavo guedes,homem,gustavo
286,286,s schiaffino,indefinido,s
287,287,felipe fonseca,homem,felipe
288,288,jose david,homem,jose
289,289,johnnatan messias,homem,johnnatan
290,290,romulo oliveira,homem,romulo
291,291,joao neto,homem,joao
292,292,raimundo moura,homem,raimundo
293,293,carla delgado,mulher,carla
294,294,chi-bin cheng,indefinido,chi-bin
295,295,fernanda campos,mulher,fernanda
296,296,orlando gomes,homem,orlando
297,297,cesar andrade,homem,cesar
298,298,claudia cappelli,mulher,claudia
299,299,luiz junior,homem,luiz
300,300,francis steen,homem,francis
301,301,ariana silva,mulher,ariana
302,302,william christhie,homem,william
303,303,artur rodrigues,homem,artur
304,304,daniel kansaon,homem,daniel
305,305,jefferson araujo,homem,jefferson
306,306,rafael soares,homem,rafael
307,307,d godoy,indefinido,d
308,308,danyllo albuquerque,homem,danyllo
309,309,bruno miyata,homem,bruno
310,310,eduardo nakamura,homem,eduardo
311,311,jorge junior,homem,jorge
312,312,ozorio camargos,homem,ozorio
313,313,sheng-pao shih,indefinido,sheng-pao
314,314,jonathas magalhaes,homem,jonathas
315,315,gabriela silva,mulher,gabriela
316,316,denise brito,mulher,denise
317,317,damires souza,mulher,damires
318,318,marco andrade,homem,marco
319,319,eric araujo,homem,eric
320,320,matheus diniz,homem,matheus
321,321,kenia goncalves,mulher,kenia
322,322,renato melo,homem,renato
323,323,rodrigo boas,homem,rodrigo
324,324,vania dias,mulher,vania
325,325,thiago moreira,homem,thiago
326,326,emanuelle martins,mulher,emanuelle
327,327,nei soma,homem,nei
328,328,leandro marinho,homem,leandro
329,329,kate revoredo,mulher,kate
330,330,antonio silva,homem,antonio
331,331,marcus machado,homem,marcus
332,332,horacio yanasse,homem,horacio
333,333,raul nunes,homem,raul
334,334,thiago dias,homem,thiago
335,335,solange rezende,mulher,solange
336,336,yara araujo,mulher,yara
337,337,victor stroele,homem,victor
338,338,aline paes,mulher,aline
339,339,jardeson barbosa,homem,jardeson
340,340,suelen freda,mulher,suelen
341,341,fabio rosa,homem,fabio
342,342,luciano digiampietri,homem,luciano
343,343,marcus guelpeli,homem,marcus
344,344,marcos goncalves,homem,marcos
345,345,igor malheiros,homem,igor
346,346,claudio agosti,homem,claudio
347,347,humberto marques-neto,homem,humberto
348,348,tales souza,homem,tales
349,349,wender xavier,homem,wender
350,350,paulo junior,homem,paulo
351,351,rafael tavares,homem,rafael
352,352,helen costa,mulher,helen
353,353,rogers pelle,homem,rogers
354,354,antonio junior,homem,antonio
355,355,fabiola nakamura,mulher,fabiola
356,356,joao bastos,homem,joao
357,357,daniel menasche,homem,daniel
358,358,gilvan junior,homem,gilvan
359,359,jaqueline oliveira,mulher,jaqueline
360,360,xiao kong,mulher,xiao
361,361,rinaldo lima,homem,rinaldo
362,362,jonice sampaio,mulher,jonice
363,363,alejandro paredes,homem,alejandro
364,364,mateus nascimento,homem,mateus
365,365,hugo santos,homem,hugo
366,366,dania meira,mulher,dania
367,367,paulo martins,homem,paulo
368,368,felipe fragoso,homem,felipe
369,369,joao maranhao,homem,joao
370,370,daniel oliveira,homem,daniel
371,371,thais almeida,mulher,thais
372,372,debora lima,mulher,debora
373,373,maira avelar,mulher,maira
374,374,fernando parreiras,homem,fernando
375,375,matheus araujo,homem,matheus
376,376,francisco medeiros,homem,francisco
377,377,claudia santana,mulher,claudia
378,378,li weigang,homem,li
379,379,maria andrade,mulher,maria
380,380,daniel antunes,homem,daniel
381,381,otaviano neves,homem,otaviano
382,382,gabriel santos,homem,gabriel
383,383,gabriel calegari,homem,gabriel
384,384,daniel alfaro,homem,daniel
385,385,fabricio moro,homem,fabricio
386,386,caio trucolo,homem,caio
387,387,teresinha burnham,mulher,teresinha
388,388,mariana arantes,mulher,mariana
389,389,daniel lyra,homem,daniel
390,390,fabiola pereira,mulher,fabiola
391,391,flavia arrigoni,mulher,flavia
392,392,lucas zanoti,homem,lucas
393,393,pedro pinto,homem,pedro
394,394,rafael anchieta,homem,rafael
395,395,leandro rego,homem,leandro
396,396,paulo cavalin,homem,paulo
397,397,mariza ferro,mulher,mariza
398,398,francis rubin,homem,francis
399,399,barbara silveira,mulher,barbara
400,400,gray moita,indefinido,gray
401,401,marco casanova,homem,marco
402,402,geraldo junior,homem,geraldo
403,403,douglas vitorio,homem,douglas
404,404,welington akamine,homem,welington
405,405,cezar casotti,homem,cezar
406,406,adriano pereira,homem,adriano
407,407,yuri almeida,homem,yuri
408,408,maria esteves,mulher,maria
409,409,rodrigo andrade,homem,rodrigo
410,410,leonardo alves,homem,leonardo
411,411,fernanda lima,mulher,fernanda
412,412,jano souza,homem,jano
413,413,ahmed saleh,homem,ahmed
414,414,mark turner,homem,mark
415,415,andre freitas,homem,andre
416,416,dirceu melo,homem,dirceu
417,417,josemar caetano,homem,josemar
418,418,joao gama,homem,joao
419,419,thales evangelista,homem,thales
420,420,icaro dantas,homem,icaro
421,421,julianne cavalcanti,mulher,julianne
422,422,grettel garcia,indefinido,grettel
423,423,luis zarate,homem,luis
424,424,regina braga,mulher,regina
425,425,claudia chamas,mulher,claudia
426,426,deborah ferreira,mulher,deborah
427,427,renelson sampaio,homem,renelson
428,428,ricardo marcacini,homem,ricardo
429,429,leonardo ribeiro,homem,leonardo
430,430,alexandre duarte,homem,alexandre
431,431,wladston viana,indefinido,wladston
432,432,leonardo santos,homem,leonardo
433,433,zenildo cezar,homem,zenildo
434,434,sandra silva,mulher,sandra
435,435,liu yang,homem,liu
436,436,douglas santos,homem,douglas
437,437,maria pestana,mulher,maria
438,438,daniela claro,mulher,daniela
439,439,elisandra silva,mulher,elisandra
440,440,gilberto pochet,homem,gilberto
441,441,bernardo lauand,homem,bernardo
442,442,heitor lopes,homem,heitor
443,443,jesus mena-chalco,homem,jesus
444,444,saulo pinto,homem,saulo
445,445,carlos lucena,homem,carlos
446,446,jussara almeida,mulher,jussara
447,447,geraldo xexeo,homem,geraldo
448,448,thiago silva,homem,thiago
449,449,jose miranda,homem,jose
450,450,jansepetrus pereira,indefinido,jansepetrus
451,451,rafael damaceno,homem,rafael
452,452,fernando pontes,homem,fernando
453,453,aleksandra silva,mulher,aleksandra
454,454,luis moyano,homem,luis
455,455,nandamudi vijaykuma,indefinido,nandamudi
456,456,leonardo oliveira,homem,leonardo
457,457,lucas frota,homem,lucas
458,458,pedro cruz,homem,pedro
459,459,pedro guerra,homem,pedro
460,460,lucas schmidt,homem,lucas
461,461,ana casnati,mulher,ana
462,462,samara guimaraes,mulher,samara
463,463,ana silva,mulher,ana
464,464,luiz leme,homem,luiz
465,465,ely matos,homem,ely
466,466,mateus santos,homem,mateus
467,467,thiago moura,homem,thiago
468,468,genaina rodrigues,mulher,genaina
469,469,karin becker,mulher,karin
470,470,cristiane nobre,mulher,cristiane
471,471,caio ponte,homem,caio
472,472,paulo nascimento,homem,paulo
473,473,marlos silva,homem,marlos
474,474,nubia ribeiro,mulher,nubia
475,475,fabricio faria,homem,fabricio
476,476,fabio rangel,homem,fabio
477,477,lucas andre,homem,lucas
478,478,gilberto prataviera,homem,gilberto
479,479,gabrieli silva,mulher,gabrieli
480,480,fabricio murai,homem,fabricio
481,481,adriano oliveira,homem,adriano
482,482,bruno osiek,homem,bruno
483,483,fabricio benevenuto,homem,fabricio
484,484,patricia dias,mulher,patricia
485,485,bianca lima,mulher,bianca
486,486,joao gomes,homem,joao
487,487,ricardo prudencio,homem,ricardo
488,488,jean ponciano,homem,jean
489,489,paula nascimento,mulher,paula
490,490,eduardo bezerra,homem,eduardo
491,491,raul costa,homem,raul
492,492,ellen souza,mulher,ellen
493,493,alessandra quadros,mulher,alessandra
494,494,patricia braga,mulher,patricia
495,495,ricardo linden,homem,ricardo
496,496,andre vignatti,homem,andre
497,497,arthur carvalho,homem,arthur
498,498,wilton filho,homem,wilton
499,499,daniel santos,homem,daniel
500,500,bruno evangelista,homem,bruno
501,501,alan godoy,homem,alan
502,502,luiz carvalho,homem,luiz
503,503,thiago pardo,homem,thiago
504,504,ruben perorazio,homem,ruben
505,505,lilian ferrari,mulher,lilian
506,506,lucas rosa,homem,lucas
507,507,claudia lopes,mulher,claudia
508,508,sirius silva,homem,sirius
509,509,iago carvalho,homem,iago
510,510,yuri malheiros,homem,yuri
511,511,rogerio sousa,homem,rogerio
512,512,pedro parreira,homem,pedro
513,513,jeancarlo leao,homem,jeancarlo
514,514,hao wenning,indefinido,hao
515,515,william maruyama,homem,william
516,516,pedro ramos,homem,pedro
517,517,helder lima,homem,helder
518,518,rubens filho,homem,rubens
519,519,gina oliveira,mulher,gina
520,520,sanches araujo,homem,sanches
521,521,carolina xavier,mulher,carolina
522,522,julio reis,homem,julio
523,523,thereza padilha,mulher,thereza
524,524,kaique cunha,homem,kaique
525,525,rogerio mugnaini,homem,rogerio
526,526,vladia pinheiro,mulher,vladia
